,영화명,누적매출액,누적관객수,스크린수,상영횟수,개봉일,배급사,등급,장르,감독,배우,제작사,cluster
0,1987,58169776145,7232387,1299,138226,2017-12-27,(주)씨제이이엔엠,15세이상관람가,드라마,장준환,"김윤석,하정우,유해진,김태리,박희순,이희준",(주)우정필름,3
1,7급 공무원,26380710000,4039891,475,90779,2009-04-22,롯데쇼핑㈜롯데엔터테인먼트,12세이상관람가,"코미디,액션,드라마,범죄",신태라,"김하늘,강지환","(주)하리마오픽쳐스,(주)영화사수작,(주)디씨지플러스",2
2,82년생 김지영,30298542310,3678156,1486,145441,2019-10-23,롯데컬처웍스(주)롯데엔터테인먼트,12세이상관람가,드라마,김도영,"정유미,공유",(주)봄바람영화사,2
3,가문의 위기(가문의 영광2),28622355500,4529876,351,61009,2005-09-07,(주)쇼박스,15세관람가,코미디,정용기,"신현준,김원희,김수미",(주)태원엔터테인먼트,1
4,감기,21774884000,3117859,806,55046,2013-08-14,아이러브시네마,15세이상관람가,"드라마,어드벤처,액션",김성수,"장혁,수애,박민하","아이러브시네마,(주)아이필름홀딩스,(주)씨제이이엔엠",2
5,감시자들,39380162179,5508017,949,100309,2013-07-03,(주)넥스트엔터테인먼트월드(NEW),15세이상관람가,"범죄,액션","조의석,김병서","설경구,정우성,한효주",영화사 집,1
6,강철비,35490346466,4452850,1426,80359,2017-12-14,(주)넥스트엔터테인먼트월드(NEW),15세이상관람가,"액션,드라마",양우석,"정우성,곽도원","(주)와이웍스엔터테인먼트,(주)모팩",1
7,강철중: 공공의 적 1-1,28638460100,4313101,707,74157,2008-06-19,"CJ ENM,(주)시네마서비스",15세이상관람가,"드라마,액션",강우석,"설경구,정재영","(주)시네마서비스글로벌,(주)시네마서비스",2
8,거북이 달린다,20618276000,3024666,432,69946,2009-06-11,(주)쇼박스,15세이상관람가,"드라마,액션,범죄",이연우,"김윤석,정경호,견미리,선우선",(주)씨네이천,2
9,건축학개론,30223590400,4111237,593,106069,2012-03-22,롯데쇼핑㈜롯데엔터테인먼트,12세이상관람가,"멜로/로맨스,드라마",이용주,"엄태웅,한가인,이제훈,수지",(주)명필름,2
10,검사외전,77320403264,9707581,1812,153532,2016-02-03,(주)쇼박스,15세이상관람가,"범죄,코미디",이일형,"황정민,강동원","(주)영화사 월광,(주)사나이픽처스",3
11,검은 사제들,42409600592,5442915,1109,131177,2015-11-05,(주)씨제이이엔엠,15세이상관람가,"미스터리,드라마",장재현,"김윤석,강동원",영화사 집,1
12,곡성,55864308382,6879989,1485,130332,2016-05-12,이십세기폭스코리아(주),15세이상관람가,"미스터리,스릴러,드라마",나홍진,"곽도원,황정민,쿠니무라 준,천우희,김환희","(주)사이드미러,이십세기폭스 인터내셔널 프로덕션",3
13,공공의 적 2,20091127000,3134421,299,40642,2005-01-27,(주)시네마서비스,15세관람가,드라마,강우석,"설경구,정준호",(주)시네마서비스,2
14,공작,42795690816,4975517,1317,99122,2018-08-08,(주)씨제이이엔엠,12세이상관람가,드라마,윤종빈,"황정민,이성민,조진웅,주지훈","(주)영화사 월광,(주)사나이픽처스",1
15,공조,63783303326,7817654,1392,142991,2017-01-18,(주)씨제이이엔엠,15세이상관람가,액션,김성훈,"현빈,유해진,김주혁","(주)제이케이필름,(주)씨제이이엔엠,영화사 이창,(주)에이치비엔터테인먼트",3
16,과속스캔들,53800771400,8223266,408,145555,2008-12-03,롯데쇼핑㈜롯데엔터테인먼트,12세이상관람가,코미디,강형철,"차태현,박보영,왕석현","(주)토일렛픽쳐스,(주)디씨지플러스",3
17,관상,66009791500,9135802,1240,125105,2013-09-11,(주)쇼박스,15세이상관람가,"사극,드라마",한재림,"송강호,이정재,백윤식,조정석,이종석,김혜수","(주)주피터필름,(주)쇼박스",3
18,국가대표,57570773000,8035181,570,131671,2009-07-29,(주)쇼박스,12세이상관람가,"드라마,액션,코미디",김용화,"하정우,성동일,김지석,김동욱,최재환,이재응,이은성",케이엠컬쳐㈜,3
19,국가부도의 날,30893315837,3755233,1180,101077,2018-11-28,(주)씨제이이엔엠,12세이상관람가,드라마,최국희,"김혜수,유아인,허준호,조우진,뱅상 카셀",영화사 집,2
20,군도: 민란의 시대,36989711499,4775441,1394,67252,2014-07-23,(주)쇼박스,15세이상관람가,"사극,액션",윤종빈,"하정우,강동원","(주)영화사 월광,(주)쇼박스",1
21,군함도,50510565168,6592151,2027,108775,2017-07-26,(주)씨제이이엔엠,15세이상관람가,"액션,드라마",류승완,"황정민,소지섭,송중기,이정현,김수안","(주)외유내강,(주)필름케이",3
22,귀향,27249801990,3587182,876,90288,2016-02-24,(주)와우픽쳐스,15세이상관람가,드라마,조정래,"강하나,최리,박지희,서미지,홍세나,김시은,남상지,정무성,류신,임성철,이승현",주식회사 제이오엔터테인먼트코리아,2
23,그것만이 내 세상,27456797382,3420172,956,95437,2018-01-17,(주)씨제이이엔엠,12세이상관람가,"코미디,드라마",최성현,"이병헌,윤여정,박정민","(주)제이케이필름,(주)씨제이이엔엠",2
24,기생충,85883963645,10085275,1948,192855,2019-05-30,(주)씨제이이엔엠,15세이상관람가,드라마,봉준호,"송강호,이선균,조여정,최우식,박소담,이정은,장혜진",(주)바른손이앤에이,3
25,꾼,31313568795,4018341,1314,117419,2017-11-22,(주)쇼박스,15세이상관람가,범죄,장창원,"현빈,유지태,배성우,박성웅,나나,안세하",(주)영화사두둥,2
26,끝까지 간다,27007303900,3450305,645,84876,2014-05-29,(주)쇼박스,15세이상관람가,"액션,스릴러,범죄",김성훈,"이선균,조진웅","(주)에이디사공육,(주)다세포클럽",2
27,나쁜 녀석들: 더 무비,39560195124,4573902,1511,113938,2019-09-11,(주)씨제이이엔엠,15세이상관람가,"범죄,액션",손용호,"마동석,김상중,김아중,장기용","(주)씨제이이엔엠,(주)영화사비단길",1
28,남한산성,31225419792,3849129,1229,71102,2017-10-03,(주)씨제이이엔엠,15세이상관람가,"사극,드라마",황동혁,"이병헌,김윤석,박해일,고수,박희순",(주)싸이런픽쳐스,2
29,내 아내의 모든 것,34224467500,4598985,563,91777,2012-05-17,(주)넥스트엔터테인먼트월드(NEW),15세이상관람가,"코미디,멜로/로맨스",민규동,"임수정,이선균,류승룡","(주)수필름,영화사 집",1
30,내부자들,56599221057,7072507,1129,152636,2015-11-19,(주)쇼박스,청소년관람불가,"범죄,드라마",우민호,"이병헌,조승우,백윤식",(유)내부자들 문화전문회사,3
31,늑대소년,46593140500,6654842,854,109134,2012-10-31,(주)씨제이이엔엠,15세이상관람가,"멜로/로맨스,드라마,판타지",조성희,"송중기,박보영",(주)영화사비단길,3
32,댄싱퀸,30130775500,4058225,544,80988,2012-01-18,(주)씨제이이엔엠,12세이상관람가,"코미디,드라마",이석훈,"황정민,엄정화","(주)제이케이필름,(주)씨제이이엔엠",2
33,더 킹,43492302535,5317959,1310,107985,2017-01-18,(주)넥스트엔터테인먼트월드(NEW),15세이상관람가,"범죄,드라마",한재림,"조인성,정우성,배성우,김아중,류준열",(주)매그넘나인,1
34,더 테러 라이브,39869706381,5584139,809,93488,2013-07-31,롯데쇼핑㈜롯데엔터테인먼트,15세이상관람가,"범죄,기타",김병우,"하정우,이경영,전혜진",(주)씨네이천,1
35,덕혜옹주,44395967609,5599665,964,97323,2016-08-03,롯데쇼핑㈜롯데엔터테인먼트,12세이상관람가,"사극,드라마",허진호,"손예진,박해일","(주)하이브미디어코프,(주)영화사호필름 ,(주)디씨지플러스",1
36,도가니,35566892800,4662829,756,88339,2011-09-22,(주)씨제이이엔엠,청소년관람불가,드라마,황동혁,"공유,정유미","(주)삼거리픽쳐스,(주)판타지오",1
37,독전,43486831113,5063844,1532,140008,2018-05-22,(주)넥스트엔터테인먼트월드(NEW),15세이상관람가,"범죄,액션",이해영,"조진웅,류준열,김주혁,김성령,박해준","(주)용필름,보야저필름",1
38,돈,28870244062,3389125,1431,120809,2019-03-20,(주)쇼박스,15세이상관람가,범죄,박누리,"류준열,유지태,조우진","(주)사나이픽처스,(주)영화사 월광",2
39,디워,49340084700,7855474,622,96439,2007-08-01,(주)쇼박스,12세이상관람가,"액션,판타지",심형래,"제이슨 베어,아만다 브룩스,크레이그 로빈슨,엘리자베스 페나,로버트 포스터",㈜영구아트,3
40,럭키,56445023256,6975571,1234,155990,2016-10-13,(주)쇼박스,15세이상관람가,코미디,이계벽,"유해진,이준,조윤희,임지연",(주)용필름,3
41,마녀,27242029463,3189091,1117,90843,2018-06-27,워너브러더스 코리아(주),15세이상관람가,"미스터리,액션",박훈정,"김다미,조민수,박희순,최우식","(주)영화사 금월,(주)페퍼민트앤컴퍼니",2
42,마스터,58068236865,7150586,1501,126927,2016-12-21,(주)씨제이이엔엠,15세이상관람가,"액션,범죄",조의석,"이병헌,강동원,김우빈,엄지원,오달수,진경",영화사 집,3
43,말아톤,26284943000,4196840,238,59493,2005-01-27,(주)쇼박스,전체관람가,드라마,정윤철,"조승우,김미숙",시네라인투(주),2
44,미녀는 괴로워,36292848900,6081480,418,87141,2006-12-14,(주)쇼박스,12세이상관람가,"멜로/로맨스,코미디",김용화,"주진모,김아중","리얼라이즈픽쳐스(주),케이엠컬쳐㈜",1
45,밀정,61270079831,7500457,1444,138162,2016-09-07,워너브러더스 코리아(주),15세이상관람가,액션,김지운,"송강호,공유","(주)다크서클픽쳐스,워너브러더스 코리아(주),(주)영화사하얼빈",3
46,바람과 함께 사라지다,34614661161,4909937,694,78591,2012-08-08,(주)넥스트엔터테인먼트월드(NEW),12세이상관람가,"코미디,사극",김주호,"차태현,오지호,민효린,성동일,신정근,고창석","(주)두타연,(주)에이디사공육",1
47,박수건달,28379548569,3897969,603,60604,2013-01-09,(주)쇼박스,15세이상관람가,코미디,조진규,"박신양,김정태,엄지원,정혜영","주식회사 제이앤피,박수건달문화산업전문(유),(주)쇼박스",2
48,백두산,52905789770,6290502,1971,99915,2019-12-19,"(주)씨제이이엔엠,(주)덱스터스튜디오",12세이상관람가,"어드벤처,드라마","이해준,김병서","이병헌,하정우,마동석,전혜진,수지","주식회사 덱스터 픽쳐스,(주)퍼펙트스톰필름,(주)씨제이이엔엠",1
49,범죄도시,56322153349,6880546,1315,149389,2017-10-03,"메가박스중앙(주)플러스엠,(주)키위미디어그룹",청소년관람불가,"범죄,액션",강윤성,"마동석,윤계상","(주)홍필름,(주)비에이엔터테인먼트",3
50,범죄와의 전쟁: 나쁜놈들 전성시대,36540327500,4720050,713,91892,2012-02-02,(주)쇼박스,청소년관람불가,"범죄,드라마",윤종빈,"최민식,하정우","(주)팔레트픽처스,(주)쇼박스",1
51,베를린,52356534637,7166453,894,111749,2013-01-30,(주)씨제이이엔엠,15세이상관람가,액션,류승완,"하정우,한석규,류승범,전지현,이경영","(주)외유내강,(주)씨제이이엔엠",3
52,봉오동 전투,40588648538,4787538,1476,107030,2019-08-07,(주)쇼박스,15세이상관람가,"사극,액션,드라마",원신연,"유해진,류준열,조우진","(주)빅스톤픽쳐스,(주)더블유픽처스,(주)쇼박스",1
53,부러진 화살,25937273000,3459864,530,71593,2012-01-18,(주)넥스트엔터테인먼트월드(NEW),15세이상관람가,드라마,정지영,"안성기,박원상,나영희,김지호",(주)아우라픽처스,2
54,사도,48846045501,6247651,1210,124263,2015-09-16,(주)쇼박스,12세이상관람가,사극,이준익,"송강호,유아인,문근영",(주)타이거픽쳐스,1
55,설국열차,67012235200,9350323,1128,124858,2013-08-01,(주)씨제이이엔엠,15세이상관람가,"SF,액션",봉준호,"크리스 에반스,송강호,에드 해리스,존 허트,틸다 스윈튼,제이미 벨,옥타비아 스펜서,이완 브렘너,알리슨 필,고아성","(주)모호필름,오퍼스픽쳐스(유)",3
56,수상한 그녀,62710880849,8658800,1027,136985,2014-01-22,(주)씨제이이엔엠,15세이상관람가,드라마,황동혁,"심은경,나문희,박인환,성동일,이진욱","(주)예인플러스엔터테인먼트,아이앤코스모스(주)시네와이즈필름",3
57,숨바꼭질,39602995500,5604106,779,88064,2013-08-14,(주)넥스트엔터테인먼트월드(NEW),15세이상관람가,스릴러,허정,,(주)드림캡쳐,1
58,스물,23563705686,3044859,926,100167,2015-03-25,(주)넥스트엔터테인먼트월드(NEW),15세이상관람가,"코미디,드라마",이병헌,"김우빈,준호,강하늘","(주)영화나무,(주)아이에이치큐",2
59,스파이,24512378305,3436012,785,72804,2013-09-05,(주)씨제이이엔엠,15세이상관람가,액션,이승준,"설경구,문소리,다니엘 헤니","(주)제이케이필름,(주)씨제이이엔엠",2
60,신기전,24326346000,3728429,585,78463,2008-09-04,CJ ENM,15세이상관람가,"사극,드라마,액션,전쟁",김유진,"정재영,한은정,허준호",(주)시네마서비스글로벌,2
61,신세계,34881330905,4682492,671,90581,2013-02-21,(주)넥스트엔터테인먼트월드(NEW),청소년관람불가,"범죄,액션",박훈정,"이정재,최민식,황정민","(주)사나이픽처스,(주)페퍼민트앤컴퍼니,(주)대명문화공장,(주)파트너스케이",1
62,신의 한 수,28812027456,3566852,794,77110,2014-07-03,(주)쇼박스,청소년관람불가,"범죄,액션",조범구,"정우성,이범수,안성기,김인권,이시영","(주)메이스엔터테인먼트,(주)아지트필름",2
63,쌍화점,25411823400,3749034,532,72498,2008-12-30,(주)쇼박스,청소년관람불가,드라마,유하,"조인성,주진모,송지효",오퍼스픽쳐스(유),2
64,써니,54036428100,7362789,546,149143,2011-05-04,(주)씨제이이엔엠,15세이상관람가,"드라마,코미디",강형철,"유호정,심은경,강소라,고수희,김민영,홍진희,박진주,이연경,남보라,김보미,민효린","(주)알로하픽쳐스,(주)토일렛픽쳐스",3
65,아가씨,35217052991,4288530,1171,90372,2016-06-01,(주)씨제이이엔엠,청소년관람불가,"스릴러,드라마",박찬욱,"김민희,김태리,하정우,조진웅","유한회사 아가씨에프에스,(주)모호필름,(주)용필름",2
66,아이 캔 스피크,25551269986,3283470,1140,93074,2017-09-21,"롯데쇼핑㈜롯데엔터테인먼트,(주)리틀빅픽쳐스",12세이상관람가,코미디,김현석,"나문희,이제훈","주식회사 영화사 시선,(주)명필름",2
67,아저씨,47102707500,6178452,501,109875,2010-08-04,CJ ENM,청소년관람불가,"액션,드라마",이정범,"원빈,김새론",오퍼스픽쳐스(유),1
68,악인전,29133760150,3364712,1307,97351,2019-05-15,"(주)에이스메이커무비웍스,(주)키위미디어그룹",청소년관람불가,"범죄,액션",이원태,"마동석,김무열,김성규",(주)비에이엔터테인먼트,2
69,안시성,46342006026,5441020,1540,110444,2018-09-19,(주)넥스트엔터테인먼트월드(NEW),12세이상관람가,"사극,액션",김광식,"조인성,남주혁,박성웅","(주)영화사수작,(주)스튜디오앤뉴,모티브픽쳐스(주)",1
70,암수살인,32998321048,3789553,1177,126128,2018-10-03,(주)쇼박스,15세이상관람가,"범죄,드라마",김태균,"김윤석,주지훈","(주)필름295,(주)블러썸픽쳐스",2
71,엑시트,79232012162,9426011,1660,202223,2019-07-31,(주)씨제이이엔엠,12세이상관람가,"코미디,액션",이상근,"조정석,윤아","(주)외유내강,(주)필름케이",3
72,역린,29894266890,3849552,1054,83299,2014-04-30,롯데쇼핑㈜롯데엔터테인먼트,15세이상관람가,사극,이재규,"현빈,정재영,조정석,조재현,한지민","굿초이스컷픽쳐스(주),(주)파파스필름",2
73,연가시,32175400664,4515833,759,71928,2012-07-05,(주)씨제이이엔엠,15세이상관람가,"공포(호러),SF",박정우,"김명민,문정희,김동완,이하늬",(주)오죤필름,1
74,연평해전,45567290830,6044956,1013,114487,2015-06-24,(주)넥스트엔터테인먼트월드(NEW),12세이상관람가,드라마,김학순,"김무열,진구,이현우",(주)로제타시네마,1
75,오싹한 연애,22010977000,3009356,544,62913,2011-12-01,(주)씨제이이엔엠,12세이상관람가,"공포(호러),멜로/로맨스,코미디",황인호,"손예진,이민기",상상필름(주),2
76,완득이,38533069000,5311232,629,117847,2011-10-20,(주)씨제이이엔엠,12세이상관람가,드라마,이한,"김윤석,유아인","(주)유비유필름,어나더픽쳐스(주)",1
77,완벽한 타인,44356976474,5294154,1325,143075,2018-10-31,롯데컬처웍스(주)롯데엔터테인먼트,15세이상관람가,"드라마,코미디",이재규,"유해진,조진웅,이서진,염정아,김지수,송하윤,윤경호","(주)필름몬스터,드라마하우스(주)",1
78,용의자,30037521000,4131338,807,69124,2013-12-24,(주)쇼박스,15세이상관람가,"액션,스릴러",원신연,"공유,박희순,조성하,유다인,김성균,조재윤","(주)그린피쉬,(주)쇼박스",2
79,우리 생애 최고의 순간,26119898000,4018872,418,70724,2008-01-10,(주)싸이더스,전체관람가,드라마,임순례,"문소리,김정은,엄태웅,김지영,조은지,차민지",(주)엠케이픽처스,2
80,웰컴 투 동막골,40328508500,6436508,356,72108,2005-08-04,(주)쇼박스,12세관람가,"전쟁,드라마",박광현,,"필름있수다,(주)쇼박스",1
81,은밀하게 위대하게,48700887413,6959083,1341,117461,2013-06-05,(주)쇼박스,15세이상관람가,"액션,코미디,드라마",장철수,"김수현,박기웅,이현우,손현주",(주)엠씨엠씨,3
82,의형제,40153817000,5416829,569,118250,2010-02-04,(주)쇼박스,15세이상관람가,"드라마,액션",장훈,"송강호,강동원","(주)쇼박스,(주)다세포클럽,루비콘픽쳐스㈜",1
83,이끼,25437300500,3350303,740,58198,2010-07-14,CJ ENM,청소년관람불가,"드라마,스릴러",강우석,"정재영,박해일,유준상,유선,허준호,유해진,김상호,김준배","(주)시네마서비스,㈜렛츠필름,(주)시네마서비스글로벌",2
84,인천상륙작전,55105606303,7050475,1049,97032,2016-07-27,(주)씨제이이엔엠,12세이상관람가,"전쟁,드라마",이재한,"이정재,이범수,리암 니슨,진세연",(주)태원엔터테인먼트,3
85,전우치,44092783000,6065369,612,102356,2009-12-23,CJ ENM,12세이상관람가,"액션,코미디,판타지",최동훈,"강동원,김윤석,임수정,유해진",영화사 집,1
86,조선명탐정 : 각시투구꽃의 비밀,35841769500,4786259,634,84189,2011-01-27,(주)쇼박스,12세이상관람가,"코미디,액션",김석윤,"김명민,오달수,한지민",청년필름(주),1
87,조선명탐정 : 사라진 놉의 딸,30456879428,3872015,825,80499,2015-02-11,(주)쇼박스,12세이상관람가,"사극,코미디,어드벤처",김석윤,"김명민,오달수,이연희",청년필름(주),2
88,"좋은 놈, 나쁜 놈, 이상한 놈",43754257000,6685845,824,93574,2008-07-17,CJ ENM,15세이상관람가,"서부극(웨스턴),액션,어드벤처",김지운,"송강호,이병헌,정우성","(주)다크서클픽쳐스,(주)바른손이앤에이",3
89,청년경찰,44382020516,5653444,1102,118547,2017-08-09,롯데쇼핑㈜롯데엔터테인먼트,15세이상관람가,액션,김주환,"박서준,강하늘","(주)무비락,(주)도서관옆스튜디오,베리굿스튜디오(주)",1
90,최종병기 활,55827861500,7470633,615,130054,2011-08-10,롯데쇼핑㈜롯데엔터테인먼트,15세이상관람가,"사극,액션",김한민,"박해일,류승룡,김무열,문채원","(주)디씨지플러스,(주)다세포클럽",3
91,추격자,33986959000,5046096,433,106805,2008-02-14,(주)쇼박스,청소년관람불가,"범죄,스릴러,액션",나홍진,"김윤석,하정우",(주)영화사비단길,1
92,친절한 금자씨,20483051393,3119682,386,41438,2005-07-29,CJ ENM,18세관람가,스릴러,박찬욱,"이영애,최민식",(주)모호필름,2
93,퀵,22960890000,3125069,514,60714,2011-07-20,(주)씨제이이엔엠,15세이상관람가,"코미디,액션",조범구,"이민기,강예원,김인권,고창석","(주)제이케이필름,(주)씨제이이엔엠",2
94,타워,37654858000,5181014,638,81147,2012-12-25,(주)씨제이이엔엠,12세이상관람가,드라마,김지훈,"설경구,손예진,김상경","(주)씨제이이엔엠,(주)더타워픽쳐스",1
95,타짜,36181314700,5685521,492,76884,2006-09-28,CJ ENM,18세관람가,드라마,최동훈,"조승우,김혜수,백윤식,유해진","(주)싸이더스,(주)영화사참",1
96,타짜-신의 손,32373120927,4015361,890,80584,2014-09-03,"롯데쇼핑㈜롯데엔터테인먼트,(주)싸이더스",청소년관람불가,드라마,강형철,"T.O.P,신세경,곽도원,이하늬",(주)싸이더스,2
97,탐정: 리턴즈,26909514678,3152895,1137,107909,2018-06-13,(주)씨제이이엔엠,15세이상관람가,"코미디,범죄",이언희,"권상우,성동일,이광수",(주)크리픽쳐스,2
98,태풍,22209675300,3471150,481,47155,2005-12-14,CJ ENM,15세관람가,"드라마,액션",곽경택,"장동건,이정재,이미연,김갑수",CJ ENM,2
99,터널,57530028417,7120780,1105,113214,2016-08-10,(주)쇼박스,12세이상관람가,드라마,김성훈,"하정우,배두나,오달수","(주)어나더썬데이,(주)비에이엔터테인먼트",3
100,투사부일체,31959686000,5074314,407,54339,2006-01-19,CJ ENM,15세관람가,코미디,김동원,"정준호,김상중,정웅인,정운택",(주)시네마제니스,1
101,판도라,36067171064,4584800,1184,100270,2016-12-07,(주)넥스트엔터테인먼트월드(NEW),12세이상관람가,"드라마,스릴러",박정우,"김남길,김주현,정진영,김영애,문정희,김대명",(주)씨에이씨엔터테인먼트,1
102,포화속으로,23831968600,3330326,742,80093,2010-06-16,롯데쇼핑㈜롯데엔터테인먼트,12세이상관람가,"드라마,전쟁",이재한,"차승원,권상우,T.O.P,김승우","(주)태원엔터테인먼트,(주)유비유필름,(주)에이치 플러스",2
103,하모니,21641865000,3018154,384,77732,2010-01-28,CJ ENM,12세이상관람가,드라마,강대규,,(주)제이케이필름,2
104,한반도,20597497600,3331593,483,49539,2006-07-13,CJ ENM,15세관람가,"드라마,액션",강우석,"조재현,차인표,안성기,문성근,강신일",(주)시네마서비스글로벌,2
105,해적: 바다로 간 산적,66372140706,8666208,910,133354,2014-08-06,롯데쇼핑㈜롯데엔터테인먼트,12세이상관람가,어드벤처,이석훈,"김남길,손예진",(주)하리마오픽쳐스,3
106,헬로우 고스트,22056966500,3019780,472,57578,2010-12-22,(주)넥스트엔터테인먼트월드(NEW),12세이상관람가,"코미디,드라마",김영탁,"차태현,강예원,이문수,고창석,장영남,천보근",(주)워터앤트리,2
107,화려한 휴가,44098519600,6855314,551,96528,2007-07-25,CJ ENM,12세이상관람가,드라마,김지훈,"김상경,안성기,이요원,이준기",기획시대(주),3
108,히말라야,60175363015,7759761,1095,142715,2015-12-16,(주)씨제이이엔엠,12세이상관람가,드라마,이석훈,"황정민,정우",(주)제이케이필름,3
